{"cameraMode":{"drawMode":0,"name":"Shaded","section":"Shading Mode"},"sceneLighting":false,"audioPlay":false,"sceneViewState":{"showFog":true,"showMaterialUpdate":false,"showSkybox":true,"showFlares":true,"showImageEffects":true,"showParticleSystems":true},"in2DMode":false,"pivot":{"x":-113.56474304199219,"y":-48.49821853637695,"z":53.765045166015628},"rotation":{"x":-0.07903935760259628,"y":0.6128427386283875,"z":-0.06179886683821678,"w":-0.7838096618652344},"size":236.35440063476563,"orthographic":false}