{"cameraMode":{"drawMode":0,"name":"Shaded","section":"Shading Mode"},"sceneLighting":false,"audioPlay":false,"sceneViewState":{"showFog":true,"showMaterialUpdate":false,"showSkybox":true,"showFlares":true,"showImageEffects":true,"showParticleSystems":true},"in2DMode":false,"pivot":{"x":-132.26092529296876,"y":-27.19373321533203,"z":-3.46124267578125},"rotation":{"x":-0.07903935760259628,"y":0.6128427386283875,"z":-0.06179886683821678,"w":-0.7838096618652344},"size":190.93685913085938,"orthographic":false}