{"cameraMode":{"drawMode":0,"name":"Shaded","section":"Shading Mode"},"sceneLighting":false,"audioPlay":false,"sceneViewState":{"showFog":true,"showMaterialUpdate":false,"showSkybox":true,"showFlares":true,"showImageEffects":true,"showParticleSystems":true},"in2DMode":false,"pivot":{"x":26.793235778808595,"y":-45.93495559692383,"z":-9.944321632385254},"rotation":{"x":0.12807564437389375,"y":0.8216943144798279,"z":-0.2036970853805542,"w":0.5166455507278442},"size":103.44071960449219,"orthographic":false}