{"cameraMode":{"drawMode":0,"name":"Shaded","section":"Shading Mode"},"sceneLighting":false,"audioPlay":false,"sceneViewState":{"showFog":true,"showMaterialUpdate":false,"showSkybox":true,"showFlares":true,"showImageEffects":true,"showParticleSystems":true},"in2DMode":false,"pivot":{"x":0.20574164390563966,"y":-30.18478775024414,"z":9.67989730834961},"rotation":{"x":0.17306025326251985,"y":-0.02658902481198311,"z":0.00467367609962821,"w":0.9845411777496338},"size":65.89717102050781,"orthographic":false}