{"cameraMode":{"drawMode":0,"name":"Shaded","section":"Shading Mode"},"sceneLighting":false,"audioPlay":false,"sceneViewState":{"showFog":true,"showMaterialUpdate":false,"showSkybox":true,"showFlares":true,"showImageEffects":true,"showParticleSystems":true},"in2DMode":false,"pivot":{"x":-5.631139278411865,"y":-54.259979248046878,"z":31.20934295654297},"rotation":{"x":-0.1794714778661728,"y":0.10513200610876084,"z":-0.019293690100312234,"w":-0.977939248085022},"size":116.65101623535156,"orthographic":false}